Shipment_ID,Vendor,Origin,Destination,Shipping_Mode,Distance_km,Weather,Traffic,Planned_Delivery_Days,Actual_Delivery_Days,Delay_Days,Delayed
SHP0001,Beta Suppliers,Chennai,Mumbai,Rail,964,Clear,Low,2,2,0,0
SHP0002,Omega Supplies,Chennai,Coimbatore,Rail,1002,Rain,Low,3,5,2,1
SHP0003,Prime Logistics,Mumbai,Chennai,Rail,1781,Clear,Low,3,3,0,0
SHP0004,Beta Suppliers,Coimbatore,Pune,Road,1520,Storm,Medium,3,6,3,1
SHP0005,Omega Supplies,Coimbatore,Mumbai,Air,2414,Clear,Low,5,5,0,0
SHP0006,Epsilon Exports,Coimbatore,Hyderabad,Road,1606,Clear,Medium,4,4,0,0
SHP0007,Delta Traders,Mumbai,Coimbatore,Rail,2237,Rain,Low,6,7,1,1
SHP0008,Zeta Manufacturing,Chennai,Hyderabad,Road,1342,Clear,Low,2,3,1,1
SHP0009,Delta Traders,Kochi,Pune,Sea,635,Clear,Low,1,3,2,1
SHP0010,Omega Supplies,Pune,Delhi,Rail,616,Rain,Low,2,2,0,0
SHP0011,Gamma Industries,Pune,Coimbatore,Sea,1613,Rain,Medium,5,7,2,1
SHP0012,Zeta Manufacturing,Coimbatore,Mumbai,Sea,697,Clear,High,1,5,4,1
SHP0013,Beta Suppliers,Mumbai,Hyderabad,Rail,1581,Rain,Medium,3,5,2,1
SHP0014,Alpha Logistics,Coimbatore,Delhi,Air,1030,Clear,High,2,3,1,1
SHP0015,Prime Logistics,Coimbatore,Bangalore,Rail,1996,Storm,Low,5,9,4,1
SHP0016,Delta Traders,Mumbai,Pune,Air,1844,Storm,Medium,5,7,2,1
SHP0017,Alpha Logistics,Hyderabad,Chennai,Road,291,Clear,High,1,3,2,1
SHP0018,Epsilon Exports,Kochi,Hyderabad,Rail,2388,Rain,Low,6,8,2,1
SHP0019,Beta Suppliers,Coimbatore,Pune,Air,1784,Clear,High,6,9,3,1
SHP0020,Alpha Logistics,Pune,Delhi,Road,1068,Clear,Medium,3,4,1,1
SHP0021,Prime Logistics,Hyderabad,Coimbatore,Sea,2304,Clear,Medium,5,5,0,0
SHP0022,Gamma Industries,Pune,Kochi,Sea,925,Storm,High,3,9,6,1
SHP0023,Prime Logistics,Mumbai,Pune,Sea,684,Clear,Low,2,4,2,1
SHP0024,Zeta Manufacturing,Chennai,Kochi,Rail,282,Fog,Low,1,1,0,0
SHP0025,Delta Traders,Pune,Coimbatore,Rail,2421,Rain,Medium,6,8,2,1
SHP0026,Zeta Manufacturing,Hyderabad,Mumbai,Sea,586,Rain,Low,1,2,1,1
SHP0027,Beta Suppliers,Coimbatore,Hyderabad,Air,592,Storm,High,1,5,4,1
SHP0028,Gamma Industries,Kochi,Mumbai,Road,2321,Clear,Medium,4,4,0,0
SHP0029,Beta Suppliers,Bangalore,Mumbai,Air,912,Rain,Low,2,4,2,1
SHP0030,Epsilon Exports,Chennai,Coimbatore,Sea,1183,Clear,Low,4,6,2,1
SHP0031,Gamma Industries,Kochi,Pune,Road,508,Clear,High,1,3,2,1
SHP0032,Zeta Manufacturing,Bangalore,Pune,Rail,221,Clear,High,1,2,1,1
SHP0033,Delta Traders,Hyderabad,Coimbatore,Air,2343,Storm,Low,5,7,2,1
SHP0034,Gamma Industries,Bangalore,Pune,Road,784,Rain,Low,1,4,3,1
SHP0035,Epsilon Exports,Bangalore,Coimbatore,Sea,208,Storm,Low,1,6,5,1
SHP0036,Delta Traders,Hyderabad,Chennai,Rail,1682,Clear,High,3,5,2,1
SHP0037,Omega Supplies,Delhi,Chennai,Road,1119,Clear,High,3,5,2,1
SHP0038,Zeta Manufacturing,Delhi,Pune,Road,1627,Storm,Low,6,10,4,1
SHP0039,Zeta Manufacturing,Pune,Coimbatore,Air,1335,Rain,Low,2,3,1,1
SHP0040,Omega Supplies,Delhi,Pune,Air,2320,Clear,Low,4,5,1,1
SHP0041,Gamma Industries,Mumbai,Pune,Road,1294,Clear,Low,3,4,1,1
SHP0042,Prime Logistics,Kochi,Hyderabad,Sea,745,Rain,Low,1,2,1,1
SHP0043,Epsilon Exports,Hyderabad,Bangalore,Road,239,Clear,Medium,1,2,1,1
SHP0044,Delta Traders,Pune,Kochi,Sea,1049,Clear,Medium,2,3,1,1
SHP0045,Gamma Industries,Kochi,Chennai,Rail,547,Clear,High,1,4,3,1
SHP0046,Prime Logistics,Pune,Kochi,Rail,1994,Clear,Medium,4,6,2,1
SHP0047,Delta Traders,Mumbai,Kochi,Road,1220,Clear,Low,2,3,1,1
SHP0048,Gamma Industries,Bangalore,Hyderabad,Sea,675,Rain,Low,1,5,4,1
SHP0049,Omega Supplies,Chennai,Hyderabad,Sea,1645,Storm,Medium,3,6,3,1
SHP0050,Zeta Manufacturing,Mumbai,Pune,Sea,2254,Rain,Medium,5,7,2,1
SHP0051,Omega Supplies,Kochi,Chennai,Sea,1426,Rain,Medium,3,5,2,1
SHP0052,Omega Supplies,Chennai,Coimbatore,Sea,605,Storm,Low,1,6,5,1
SHP0053,Prime Logistics,Delhi,Pune,Air,1776,Clear,Low,6,6,0,0
SHP0054,Zeta Manufacturing,Hyderabad,Coimbatore,Road,177,Storm,Low,1,3,2,1
SHP0055,Prime Logistics,Coimbatore,Hyderabad,Sea,1099,Rain,Low,2,2,0,0
SHP0056,Beta Suppliers,Chennai,Mumbai,Sea,1674,Storm,Low,4,6,2,1
SHP0057,Beta Suppliers,Chennai,Delhi,Sea,1567,Clear,Medium,6,8,2,1
SHP0058,Omega Supplies,Delhi,Kochi,Rail,1833,Clear,Medium,4,6,2,1
SHP0059,Prime Logistics,Pune,Mumbai,Air,1055,Storm,Low,2,6,4,1
SHP0060,Prime Logistics,Pune,Delhi,Road,2074,Storm,Low,6,9,3,1
SHP0061,Epsilon Exports,Mumbai,Chennai,Rail,400,Clear,Low,1,1,0,0
SHP0062,Prime Logistics,Kochi,Chennai,Road,1255,Clear,Medium,3,4,1,1
SHP0063,Omega Supplies,Delhi,Kochi,Air,1305,Clear,Low,4,4,0,0
SHP0064,Beta Suppliers,Bangalore,Hyderabad,Rail,2033,Clear,Medium,4,5,1,1
SHP0065,Delta Traders,Mumbai,Hyderabad,Air,784,Clear,Medium,2,3,1,1
SHP0066,Alpha Logistics,Mumbai,Bangalore,Sea,470,Storm,Medium,1,7,6,1
SHP0067,Alpha Logistics,Mumbai,Kochi,Road,317,Clear,Low,1,2,1,1
SHP0068,Gamma Industries,Bangalore,Mumbai,Road,1066,Clear,Medium,2,4,2,1
SHP0069,Prime Logistics,Kochi,Mumbai,Sea,1300,Rain,Low,2,2,0,0
SHP0070,Epsilon Exports,Coimbatore,Bangalore,Rail,761,Rain,Low,2,5,3,1
SHP0071,Epsilon Exports,Chennai,Hyderabad,Air,1208,Rain,Medium,2,4,2,1
SHP0072,Omega Supplies,Coimbatore,Hyderabad,Rail,1138,Storm,Low,3,6,3,1
SHP0073,Prime Logistics,Coimbatore,Kochi,Air,1698,Storm,Medium,4,8,4,1
SHP0074,Omega Supplies,Delhi,Mumbai,Road,424,Clear,Medium,1,2,1,1
SHP0075,Alpha Logistics,Bangalore,Kochi,Sea,1189,Clear,Medium,2,4,2,1
SHP0076,Zeta Manufacturing,Pune,Delhi,Air,478,Storm,Low,1,5,4,1
SHP0077,Omega Supplies,Chennai,Kochi,Road,1338,Clear,Low,2,2,0,0
SHP0078,Prime Logistics,Pune,Chennai,Rail,2173,Clear,Medium,5,6,1,1
SHP0079,Delta Traders,Mumbai,Bangalore,Air,1844,Storm,Medium,7,9,2,1
SHP0080,Alpha Logistics,Pune,Coimbatore,Rail,514,Clear,Low,1,1,0,0
SHP0081,Prime Logistics,Mumbai,Pune,Sea,1984,Clear,Medium,5,7,2,1
SHP0082,Beta Suppliers,Mumbai,Pune,Air,2129,Clear,Low,4,4,0,0
SHP0083,Prime Logistics,Bangalore,Kochi,Sea,1463,Clear,Medium,4,6,2,1
SHP0084,Delta Traders,Pune,Hyderabad,Sea,228,Clear,Medium,1,3,2,1
SHP0085,Prime Logistics,Chennai,Bangalore,Air,461,Storm,Low,1,5,4,1
SHP0086,Gamma Industries,Pune,Bangalore,Road,1973,Rain,Low,4,7,3,1
SHP0087,Zeta Manufacturing,Pune,Delhi,Sea,2266,Clear,Low,5,7,2,1
SHP0088,Delta Traders,Coimbatore,Pune,Road,461,Clear,Medium,1,1,0,0
SHP0089,Alpha Logistics,Mumbai,Delhi,Air,1814,Clear,Medium,4,4,0,0
SHP0090,Gamma Industries,Coimbatore,Pune,Rail,2088,Storm,Low,5,9,4,1
SHP0091,Epsilon Exports,Chennai,Kochi,Air,2288,Clear,Low,6,6,0,0
SHP0092,Omega Supplies,Mumbai,Kochi,Air,865,Fog,High,3,5,2,1
SHP0093,Epsilon Exports,Mumbai,Chennai,Sea,1174,Clear,High,2,6,4,1
SHP0094,Epsilon Exports,Hyderabad,Delhi,Rail,828,Rain,Medium,1,2,1,1
SHP0095,Epsilon Exports,Kochi,Chennai,Air,588,Clear,Low,1,2,1,1
SHP0096,Gamma Industries,Hyderabad,Bangalore,Air,2224,Rain,Low,7,9,2,1
SHP0097,Epsilon Exports,Delhi,Coimbatore,Sea,358,Clear,High,1,7,6,1
SHP0098,Zeta Manufacturing,Coimbatore,Pune,Road,1133,Rain,Medium,2,5,3,1
SHP0099,Beta Suppliers,Hyderabad,Kochi,Road,2349,Clear,Medium,5,7,2,1
SHP0100,Epsilon Exports,Pune,Coimbatore,Rail,235,Storm,Low,1,2,1,1
SHP0101,Delta Traders,Bangalore,Pune,Sea,1569,Rain,Medium,3,6,3,1
SHP0102,Prime Logistics,Pune,Mumbai,Road,1567,Clear,Low,5,5,0,0
SHP0103,Zeta Manufacturing,Delhi,Chennai,Sea,1180,Clear,Low,2,3,1,1
SHP0104,Delta Traders,Chennai,Delhi,Rail,565,Rain,Low,1,2,1,1
SHP0105,Delta Traders,Delhi,Bangalore,Road,1185,Storm,Low,4,7,3,1
SHP0106,Alpha Logistics,Bangalore,Chennai,Air,1024,Rain,Low,3,3,0,0
SHP0107,Omega Supplies,Coimbatore,Kochi,Sea,1532,Rain,Low,4,7,3,1
SHP0108,Epsilon Exports,Kochi,Chennai,Road,2011,Storm,Low,7,13,6,1
SHP0109,Beta Suppliers,Coimbatore,Delhi,Rail,319,Clear,Medium,1,3,2,1
SHP0110,Epsilon Exports,Kochi,Pune,Road,518,Storm,Medium,1,4,3,1
SHP0111,Omega Supplies,Delhi,Kochi,Sea,1753,Rain,Low,5,7,2,1
SHP0112,Prime Logistics,Coimbatore,Pune,Road,1576,Storm,Medium,3,6,3,1
SHP0113,Omega Supplies,Chennai,Mumbai,Air,1490,Clear,Medium,5,6,1,1
SHP0114,Beta Suppliers,Delhi,Coimbatore,Air,2401,Clear,Low,6,6,0,0
SHP0115,Epsilon Exports,Chennai,Bangalore,Air,1315,Storm,Low,4,7,3,1
SHP0116,Beta Suppliers,Bangalore,Chennai,Road,2222,Clear,Low,6,6,0,0
SHP0117,Epsilon Exports,Delhi,Coimbatore,Road,687,Clear,Medium,1,2,1,1
SHP0118,Omega Supplies,Kochi,Pune,Air,932,Rain,Low,2,2,0,0
SHP0119,Prime Logistics,Mumbai,Chennai,Rail,1668,Fog,Low,5,6,1,1
SHP0120,Gamma Industries,Mumbai,Delhi,Road,81,Clear,Low,1,1,0,0
SHP0121,Zeta Manufacturing,Coimbatore,Pune,Road,1836,Clear,High,3,7,4,1
SHP0122,Omega Supplies,Pune,Mumbai,Road,1709,Clear,Low,3,5,2,1
SHP0123,Zeta Manufacturing,Coimbatore,Pune,Road,1046,Clear,Low,3,3,0,0
SHP0124,Zeta Manufacturing,Hyderabad,Delhi,Rail,362,Rain,Low,1,2,1,1
SHP0125,Zeta Manufacturing,Bangalore,Hyderabad,Road,649,Clear,Low,2,3,1,1
SHP0126,Gamma Industries,Kochi,Delhi,Air,668,Clear,Medium,1,2,1,1
SHP0127,Alpha Logistics,Delhi,Coimbatore,Air,1941,Clear,Low,4,4,0,0
SHP0128,Beta Suppliers,Coimbatore,Pune,Sea,2427,Rain,Medium,5,8,3,1
SHP0129,Zeta Manufacturing,Kochi,Bangalore,Road,1895,Clear,High,5,8,3,1
SHP0130,Alpha Logistics,Hyderabad,Kochi,Sea,2196,Rain,Low,6,9,3,1
SHP0131,Zeta Manufacturing,Chennai,Delhi,Road,1400,Clear,Medium,4,6,2,1
SHP0132,Zeta Manufacturing,Coimbatore,Bangalore,Air,1320,Fog,Medium,3,3,0,0
SHP0133,Omega Supplies,Delhi,Bangalore,Road,1784,Rain,Low,5,6,1,1
SHP0134,Prime Logistics,Hyderabad,Bangalore,Rail,366,Clear,Medium,1,1,0,0
SHP0135,Gamma Industries,Pune,Bangalore,Rail,790,Storm,Medium,1,4,3,1
SHP0136,Omega Supplies,Delhi,Hyderabad,Sea,1217,Rain,Medium,3,6,3,1
SHP0137,Zeta Manufacturing,Kochi,Mumbai,Sea,2109,Rain,High,4,8,4,1
SHP0138,Alpha Logistics,Kochi,Delhi,Road,2163,Storm,Low,4,7,3,1
SHP0139,Gamma Industries,Pune,Coimbatore,Rail,1897,Storm,High,5,8,3,1
SHP0140,Delta Traders,Pune,Coimbatore,Air,969,Clear,High,2,5,3,1
SHP0141,Gamma Industries,Bangalore,Chennai,Air,1985,Rain,Low,4,7,3,1
SHP0142,Alpha Logistics,Coimbatore,Chennai,Air,933,Storm,Medium,2,6,4,1
SHP0143,Delta Traders,Mumbai,Coimbatore,Road,1026,Clear,Medium,2,3,1,1
SHP0144,Alpha Logistics,Hyderabad,Bangalore,Air,1808,Clear,Low,4,5,1,1
SHP0145,Gamma Industries,Coimbatore,Delhi,Road,2204,Rain,Medium,5,6,1,1
SHP0146,Omega Supplies,Delhi,Mumbai,Road,1512,Rain,Low,3,4,1,1
SHP0147,Gamma Industries,Chennai,Delhi,Air,767,Storm,Medium,1,5,4,1
SHP0148,Beta Suppliers,Kochi,Chennai,Air,875,Clear,Low,3,3,0,0
SHP0149,Epsilon Exports,Pune,Kochi,Air,199,Rain,Low,1,1,0,0
SHP0150,Epsilon Exports,Coimbatore,Delhi,Sea,1688,Rain,High,4,8,4,1
SHP0151,Zeta Manufacturing,Mumbai,Coimbatore,Sea,373,Clear,High,1,5,4,1
SHP0152,Beta Suppliers,Coimbatore,Delhi,Air,1305,Clear,Medium,4,5,1,1
SHP0153,Prime Logistics,Chennai,Delhi,Sea,1174,Rain,Medium,4,6,2,1
SHP0154,Alpha Logistics,Bangalore,Kochi,Road,567,Clear,Medium,1,2,1,1
SHP0155,Gamma Industries,Kochi,Delhi,Air,1868,Rain,Medium,4,6,2,1
SHP0156,Epsilon Exports,Hyderabad,Coimbatore,Road,812,Clear,Low,2,2,0,0
SHP0157,Epsilon Exports,Kochi,Hyderabad,Air,2061,Clear,Low,7,8,1,1
SHP0158,Gamma Industries,Kochi,Coimbatore,Air,1473,Rain,Medium,4,5,1,1
SHP0159,Zeta Manufacturing,Hyderabad,Coimbatore,Rail,618,Clear,Medium,1,3,2,1
SHP0160,Gamma Industries,Coimbatore,Mumbai,Sea,2010,Rain,Medium,4,5,1,1
SHP0161,Prime Logistics,Kochi,Delhi,Rail,2308,Rain,Low,4,6,2,1
SHP0162,Alpha Logistics,Coimbatore,Bangalore,Air,724,Clear,High,2,4,2,1
SHP0163,Beta Suppliers,Mumbai,Hyderabad,Air,562,Rain,Medium,2,3,1,1
SHP0164,Zeta Manufacturing,Chennai,Coimbatore,Road,2412,Clear,Low,6,6,0,0
SHP0165,Prime Logistics,Mumbai,Kochi,Rail,1713,Clear,Low,6,6,0,0
SHP0166,Prime Logistics,Pune,Kochi,Sea,885,Clear,Low,1,3,2,1
SHP0167,Zeta Manufacturing,Pune,Bangalore,Air,2159,Rain,Low,5,5,0,0
SHP0168,Prime Logistics,Hyderabad,Bangalore,Road,257,Clear,Low,1,1,0,0
SHP0169,Gamma Industries,Delhi,Hyderabad,Rail,2090,Fog,Medium,4,6,2,1
SHP0170,Beta Suppliers,Pune,Kochi,Rail,931,Rain,Low,2,5,3,1
SHP0171,Epsilon Exports,Chennai,Coimbatore,Sea,598,Storm,Medium,1,7,6,1
SHP0172,Alpha Logistics,Hyderabad,Delhi,Air,351,Clear,Medium,1,2,1,1
SHP0173,Gamma Industries,Coimbatore,Pune,Air,1438,Rain,Low,5,7,2,1
SHP0174,Alpha Logistics,Chennai,Bangalore,Air,1990,Rain,Low,4,5,1,1
SHP0175,Zeta Manufacturing,Bangalore,Pune,Air,2481,Clear,High,6,8,2,1
SHP0176,Prime Logistics,Chennai,Delhi,Air,498,Fog,Medium,1,4,3,1
SHP0177,Epsilon Exports,Hyderabad,Chennai,Sea,748,Rain,Medium,1,5,4,1
SHP0178,Alpha Logistics,Coimbatore,Hyderabad,Road,1856,Clear,Low,4,5,1,1
SHP0179,Prime Logistics,Chennai,Bangalore,Rail,2347,Clear,Medium,6,7,1,1
SHP0180,Gamma Industries,Kochi,Delhi,Air,1132,Rain,Low,3,4,1,1
SHP0181,Delta Traders,Mumbai,Hyderabad,Sea,1348,Clear,Medium,2,4,2,1
SHP0182,Omega Supplies,Pune,Delhi,Rail,1239,Clear,High,4,7,3,1
SHP0183,Epsilon Exports,Kochi,Hyderabad,Rail,2256,Clear,Medium,7,7,0,0
SHP0184,Delta Traders,Hyderabad,Chennai,Rail,1003,Clear,Low,2,3,1,1
SHP0185,Beta Suppliers,Bangalore,Chennai,Rail,1716,Rain,High,4,9,5,1
SHP0186,Epsilon Exports,Delhi,Mumbai,Road,416,Rain,Low,1,2,1,1
SHP0187,Gamma Industries,Chennai,Pune,Sea,813,Storm,High,1,5,4,1
SHP0188,Beta Suppliers,Delhi,Mumbai,Sea,2275,Rain,High,8,12,4,1
SHP0189,Zeta Manufacturing,Bangalore,Kochi,Air,812,Clear,Low,2,2,0,0
SHP0190,Gamma Industries,Pune,Delhi,Road,1691,Rain,Low,5,7,2,1
SHP0191,Alpha Logistics,Mumbai,Pune,Rail,1879,Rain,High,5,7,2,1
SHP0192,Delta Traders,Chennai,Coimbatore,Sea,1306,Clear,Medium,2,5,3,1
SHP0193,Epsilon Exports,Delhi,Hyderabad,Rail,597,Clear,Medium,1,3,2,1
SHP0194,Prime Logistics,Hyderabad,Coimbatore,Sea,2213,Rain,Low,5,5,0,0
SHP0195,Gamma Industries,Bangalore,Delhi,Sea,526,Rain,Medium,1,3,2,1
SHP0196,Gamma Industries,Pune,Kochi,Road,2338,Clear,High,5,6,1,1
SHP0197,Alpha Logistics,Hyderabad,Coimbatore,Road,1785,Clear,Low,6,7,1,1
SHP0198,Alpha Logistics,Mumbai,Pune,Rail,604,Rain,High,1,6,5,1
SHP0199,Prime Logistics,Pune,Coimbatore,Rail,1474,Clear,High,4,7,3,1
SHP0200,Delta Traders,Chennai,Mumbai,Sea,2280,Clear,Low,7,8,1,1
SHP0201,Zeta Manufacturing,Bangalore,Mumbai,Rail,512,Clear,Medium,1,1,0,0
SHP0202,Delta Traders,Coimbatore,Chennai,Sea,2498,Rain,High,8,11,3,1
SHP0203,Delta Traders,Chennai,Bangalore,Air,1009,Storm,Medium,3,6,3,1
SHP0204,Gamma Industries,Hyderabad,Pune,Air,1177,Clear,High,2,5,3,1
SHP0205,Omega Supplies,Kochi,Chennai,Air,1611,Rain,Low,4,6,2,1
SHP0206,Epsilon Exports,Pune,Bangalore,Sea,1037,Storm,Low,2,5,3,1
SHP0207,Omega Supplies,Pune,Bangalore,Sea,1044,Clear,Low,3,4,1,1
SHP0208,Beta Suppliers,Hyderabad,Chennai,Air,1594,Rain,Medium,3,3,0,0
SHP0209,Prime Logistics,Hyderabad,Delhi,Air,112,Clear,Low,1,1,0,0
SHP0210,Prime Logistics,Hyderabad,Pune,Rail,2311,Clear,Low,6,6,0,0
SHP0211,Epsilon Exports,Mumbai,Delhi,Sea,1958,Clear,High,5,7,2,1
SHP0212,Zeta Manufacturing,Pune,Chennai,Rail,647,Clear,Medium,1,2,1,1
SHP0213,Gamma Industries,Hyderabad,Delhi,Rail,1605,Rain,Low,4,5,1,1
SHP0214,Prime Logistics,Kochi,Bangalore,Air,743,Clear,Medium,2,2,0,0
SHP0215,Beta Suppliers,Chennai,Pune,Rail,997,Clear,Low,3,4,1,1
SHP0216,Zeta Manufacturing,Chennai,Kochi,Sea,114,Clear,Medium,1,3,2,1
SHP0217,Epsilon Exports,Chennai,Pune,Rail,488,Storm,Medium,1,4,3,1
SHP0218,Epsilon Exports,Pune,Coimbatore,Air,1713,Clear,Low,4,4,0,0
SHP0219,Epsilon Exports,Coimbatore,Chennai,Road,1710,Clear,Medium,6,7,1,1
SHP0220,Beta Suppliers,Kochi,Pune,Air,2367,Fog,High,4,7,3,1
SHP0221,Delta Traders,Kochi,Mumbai,Road,354,Rain,Low,1,1,0,0
SHP0222,Alpha Logistics,Hyderabad,Bangalore,Sea,365,Clear,Medium,1,4,3,1
SHP0223,Omega Supplies,Bangalore,Coimbatore,Air,269,Clear,Low,1,1,0,0
SHP0224,Omega Supplies,Delhi,Chennai,Air,1895,Clear,Low,3,4,1,1
SHP0225,Omega Supplies,Bangalore,Pune,Road,1259,Rain,Medium,4,5,1,1
SHP0226,Omega Supplies,Delhi,Coimbatore,Road,71,Storm,Low,1,4,3,1
SHP0227,Beta Suppliers,Bangalore,Pune,Sea,2331,Rain,Low,9,10,1,1
SHP0228,Zeta Manufacturing,Pune,Chennai,Air,1744,Clear,Low,3,3,0,0
SHP0229,Gamma Industries,Pune,Bangalore,Rail,1151,Clear,Medium,4,5,1,1
SHP0230,Epsilon Exports,Pune,Mumbai,Sea,365,Clear,High,1,5,4,1
SHP0231,Prime Logistics,Coimbatore,Bangalore,Air,77,Storm,Low,1,5,4,1
SHP0232,Prime Logistics,Delhi,Pune,Rail,1280,Clear,High,4,6,2,1
SHP0233,Gamma Industries,Pune,Delhi,Air,2061,Fog,Medium,6,9,3,1
SHP0234,Zeta Manufacturing,Coimbatore,Hyderabad,Rail,2303,Clear,Medium,4,5,1,1
SHP0235,Epsilon Exports,Coimbatore,Pune,Sea,620,Rain,Low,1,5,4,1
SHP0236,Omega Supplies,Coimbatore,Kochi,Sea,2434,Clear,Medium,5,8,3,1
SHP0237,Zeta Manufacturing,Coimbatore,Hyderabad,Air,731,Rain,Low,1,3,2,1
SHP0238,Omega Supplies,Coimbatore,Chennai,Road,1109,Clear,Medium,2,2,0,0
SHP0239,Omega Supplies,Kochi,Bangalore,Air,150,Clear,Low,1,1,0,0
SHP0240,Beta Suppliers,Bangalore,Delhi,Air,1455,Clear,Low,3,3,0,0
SHP0241,Prime Logistics,Coimbatore,Kochi,Sea,1356,Clear,Low,3,3,0,0
SHP0242,Zeta Manufacturing,Coimbatore,Bangalore,Rail,2163,Clear,Low,5,6,1,1
SHP0243,Prime Logistics,Hyderabad,Pune,Rail,813,Rain,Low,3,5,2,1
SHP0244,Omega Supplies,Pune,Chennai,Rail,892,Clear,Medium,1,1,0,0
SHP0245,Gamma Industries,Delhi,Hyderabad,Sea,516,Clear,High,1,6,5,1
SHP0246,Omega Supplies,Coimbatore,Delhi,Air,1925,Rain,High,4,8,4,1
SHP0247,Gamma Industries,Delhi,Coimbatore,Rail,1300,Clear,Low,4,5,1,1
SHP0248,Omega Supplies,Bangalore,Pune,Sea,810,Clear,Medium,1,3,2,1
SHP0249,Prime Logistics,Mumbai,Bangalore,Rail,1338,Storm,Medium,2,6,4,1
SHP0250,Gamma Industries,Hyderabad,Pune,Sea,1725,Rain,Low,3,6,3,1
SHP0251,Beta Suppliers,Chennai,Hyderabad,Air,183,Clear,Medium,1,3,2,1
SHP0252,Beta Suppliers,Coimbatore,Mumbai,Air,2270,Storm,Low,5,9,4,1
SHP0253,Omega Supplies,Coimbatore,Hyderabad,Air,182,Clear,Low,1,1,0,0
SHP0254,Prime Logistics,Coimbatore,Hyderabad,Rail,2458,Rain,High,6,9,3,1
SHP0255,Delta Traders,Hyderabad,Chennai,Air,2230,Clear,Medium,6,7,1,1
SHP0256,Epsilon Exports,Coimbatore,Bangalore,Sea,292,Fog,High,1,4,3,1
SHP0257,Zeta Manufacturing,Hyderabad,Pune,Sea,632,Rain,Low,1,4,3,1
SHP0258,Beta Suppliers,Pune,Mumbai,Air,1912,Fog,Low,7,9,2,1
SHP0259,Prime Logistics,Delhi,Coimbatore,Sea,942,Fog,High,2,6,4,1
SHP0260,Gamma Industries,Kochi,Delhi,Road,238,Clear,Medium,1,1,0,0
SHP0261,Prime Logistics,Kochi,Chennai,Sea,878,Fog,High,1,5,4,1
SHP0262,Beta Suppliers,Delhi,Mumbai,Road,1573,Rain,Medium,5,9,4,1
SHP0263,Omega Supplies,Coimbatore,Chennai,Rail,2003,Clear,Medium,5,6,1,1
SHP0264,Alpha Logistics,Delhi,Coimbatore,Sea,591,Clear,Low,2,4,2,1
SHP0265,Beta Suppliers,Delhi,Mumbai,Rail,1617,Rain,Medium,5,6,1,1
SHP0266,Gamma Industries,Kochi,Delhi,Rail,670,Storm,Medium,1,3,2,1
SHP0267,Gamma Industries,Coimbatore,Pune,Air,1808,Clear,Low,5,5,0,0
SHP0268,Delta Traders,Mumbai,Chennai,Air,891,Rain,Medium,2,5,3,1
SHP0269,Delta Traders,Kochi,Pune,Road,1037,Clear,Medium,2,2,0,0
SHP0270,Gamma Industries,Pune,Delhi,Rail,1979,Fog,Medium,7,9,2,1
SHP0271,Epsilon Exports,Hyderabad,Chennai,Road,1680,Rain,Medium,4,9,5,1
SHP0272,Beta Suppliers,Bangalore,Mumbai,Road,1319,Clear,High,2,4,2,1
SHP0273,Omega Supplies,Coimbatore,Mumbai,Sea,1027,Clear,Low,2,3,1,1
SHP0274,Alpha Logistics,Mumbai,Bangalore,Road,101,Rain,Medium,1,5,4,1
SHP0275,Gamma Industries,Delhi,Bangalore,Air,533,Rain,Low,1,3,2,1
SHP0276,Beta Suppliers,Mumbai,Coimbatore,Sea,1914,Rain,Low,4,6,2,1
SHP0277,Epsilon Exports,Coimbatore,Hyderabad,Road,230,Storm,Low,1,6,5,1
SHP0278,Gamma Industries,Bangalore,Chennai,Sea,969,Clear,Low,2,3,1,1
SHP0279,Beta Suppliers,Delhi,Coimbatore,Road,784,Clear,Medium,3,5,2,1
SHP0280,Epsilon Exports,Mumbai,Delhi,Road,2315,Clear,Low,7,8,1,1
SHP0281,Delta Traders,Kochi,Delhi,Sea,850,Rain,Medium,1,3,2,1
SHP0282,Alpha Logistics,Hyderabad,Delhi,Road,1422,Clear,Medium,3,4,1,1
SHP0283,Delta Traders,Pune,Kochi,Road,633,Rain,Low,1,4,3,1
SHP0284,Zeta Manufacturing,Kochi,Coimbatore,Road,2120,Clear,High,7,11,4,1
SHP0285,Omega Supplies,Bangalore,Hyderabad,Air,1119,Storm,High,3,9,6,1
SHP0286,Epsilon Exports,Hyderabad,Coimbatore,Rail,607,Rain,Medium,2,3,1,1
SHP0287,Prime Logistics,Delhi,Pune,Road,2245,Clear,Medium,6,7,1,1
SHP0288,Beta Suppliers,Coimbatore,Bangalore,Air,215,Clear,High,1,2,1,1
SHP0289,Zeta Manufacturing,Pune,Chennai,Air,1115,Storm,Low,2,7,5,1
SHP0290,Delta Traders,Coimbatore,Kochi,Road,622,Clear,Low,1,1,0,0
SHP0291,Delta Traders,Pune,Delhi,Road,2435,Rain,High,9,11,2,1
SHP0292,Gamma Industries,Coimbatore,Delhi,Road,224,Storm,Low,1,7,6,1
SHP0293,Prime Logistics,Chennai,Pune,Sea,757,Clear,High,2,5,3,1
SHP0294,Alpha Logistics,Hyderabad,Mumbai,Sea,1737,Storm,Medium,6,11,5,1
SHP0295,Delta Traders,Hyderabad,Chennai,Sea,1520,Clear,Medium,4,6,2,1
SHP0296,Gamma Industries,Chennai,Delhi,Rail,170,Storm,Medium,1,6,5,1
SHP0297,Gamma Industries,Coimbatore,Hyderabad,Rail,1141,Rain,Medium,2,3,1,1
SHP0298,Zeta Manufacturing,Bangalore,Hyderabad,Air,1519,Storm,Low,3,6,3,1
SHP0299,Delta Traders,Kochi,Mumbai,Rail,2058,Clear,Low,5,5,0,0
SHP0300,Alpha Logistics,Kochi,Chennai,Air,875,Storm,Low,2,5,3,1
SHP0301,Alpha Logistics,Bangalore,Coimbatore,Air,347,Clear,High,1,4,3,1
SHP0302,Zeta Manufacturing,Mumbai,Delhi,Rail,695,Rain,Low,1,3,2,1
SHP0303,Gamma Industries,Delhi,Hyderabad,Rail,1599,Clear,Medium,5,5,0,0
SHP0304,Omega Supplies,Chennai,Bangalore,Air,954,Rain,Low,2,3,1,1
SHP0305,Beta Suppliers,Hyderabad,Delhi,Air,737,Rain,High,1,4,3,1
SHP0306,Epsilon Exports,Hyderabad,Coimbatore,Air,1101,Rain,Medium,4,8,4,1
SHP0307,Gamma Industries,Pune,Kochi,Sea,1488,Rain,Low,4,6,2,1
SHP0308,Beta Suppliers,Chennai,Mumbai,Road,1355,Clear,Low,4,5,1,1
SHP0309,Gamma Industries,Coimbatore,Delhi,Sea,176,Clear,Medium,1,2,1,1
SHP0310,Beta Suppliers,Delhi,Hyderabad,Rail,1726,Rain,Medium,3,5,2,1
SHP0311,Delta Traders,Coimbatore,Chennai,Sea,2391,Rain,Medium,9,11,2,1
SHP0312,Epsilon Exports,Kochi,Hyderabad,Road,155,Clear,Medium,1,1,0,0
SHP0313,Epsilon Exports,Pune,Kochi,Sea,1135,Clear,Medium,3,5,2,1
SHP0314,Gamma Industries,Kochi,Chennai,Air,1851,Clear,Low,5,5,0,0
SHP0315,Gamma Industries,Coimbatore,Delhi,Sea,2465,Clear,Low,7,10,3,1
SHP0316,Prime Logistics,Hyderabad,Kochi,Air,373,Clear,High,1,4,3,1
SHP0317,Beta Suppliers,Kochi,Bangalore,Rail,917,Storm,Low,2,4,2,1
SHP0318,Delta Traders,Bangalore,Mumbai,Air,324,Clear,Medium,1,2,1,1
SHP0319,Prime Logistics,Chennai,Pune,Road,1747,Clear,Medium,4,4,0,0
SHP0320,Epsilon Exports,Delhi,Pune,Air,1618,Rain,Medium,4,4,0,0
SHP0321,Omega Supplies,Bangalore,Pune,Road,1671,Storm,Low,5,8,3,1
SHP0322,Epsilon Exports,Delhi,Chennai,Air,1291,Clear,High,2,5,3,1
SHP0323,Delta Traders,Bangalore,Mumbai,Sea,1364,Clear,Low,3,3,0,0
SHP0324,Prime Logistics,Hyderabad,Pune,Sea,2165,Storm,High,5,10,5,1
SHP0325,Gamma Industries,Chennai,Bangalore,Rail,872,Storm,Low,2,3,1,1
SHP0326,Delta Traders,Mumbai,Delhi,Sea,2118,Clear,High,4,5,1,1
SHP0327,Prime Logistics,Kochi,Bangalore,Sea,2453,Rain,Low,5,8,3,1
SHP0328,Epsilon Exports,Chennai,Pune,Road,717,Storm,Medium,2,5,3,1
SHP0329,Epsilon Exports,Pune,Chennai,Road,1991,Storm,Medium,4,5,1,1
SHP0330,Epsilon Exports,Pune,Delhi,Sea,1082,Clear,Low,2,5,3,1
SHP0331,Beta Suppliers,Chennai,Delhi,Air,1272,Rain,Medium,3,5,2,1
SHP0332,Epsilon Exports,Mumbai,Hyderabad,Rail,2168,Rain,High,4,9,5,1
SHP0333,Gamma Industries,Chennai,Kochi,Air,1112,Storm,Low,2,3,1,1
SHP0334,Zeta Manufacturing,Hyderabad,Kochi,Air,2127,Clear,Low,5,5,0,0
SHP0335,Epsilon Exports,Coimbatore,Kochi,Rail,1109,Rain,Medium,2,4,2,1
SHP0336,Delta Traders,Delhi,Hyderabad,Air,1772,Rain,Low,5,7,2,1
SHP0337,Beta Suppliers,Kochi,Chennai,Road,1984,Storm,Medium,4,9,5,1
SHP0338,Gamma Industries,Bangalore,Hyderabad,Air,1726,Fog,High,4,6,2,1
SHP0339,Beta Suppliers,Kochi,Delhi,Rail,1333,Rain,Low,4,5,1,1
SHP0340,Gamma Industries,Kochi,Coimbatore,Rail,1826,Rain,Low,3,6,3,1
SHP0341,Alpha Logistics,Chennai,Hyderabad,Air,107,Storm,Medium,1,3,2,1
SHP0342,Delta Traders,Hyderabad,Delhi,Air,578,Clear,Medium,1,1,0,0
SHP0343,Alpha Logistics,Mumbai,Kochi,Air,1826,Storm,High,5,11,6,1
SHP0344,Gamma Industries,Pune,Chennai,Rail,968,Rain,Low,2,2,0,0
SHP0345,Beta Suppliers,Delhi,Chennai,Sea,1097,Rain,Medium,2,4,2,1
SHP0346,Alpha Logistics,Coimbatore,Pune,Sea,1607,Clear,Low,3,3,0,0
SHP0347,Alpha Logistics,Mumbai,Pune,Road,2181,Clear,Medium,7,8,1,1
SHP0348,Epsilon Exports,Coimbatore,Kochi,Rail,868,Rain,High,1,5,4,1
SHP0349,Epsilon Exports,Bangalore,Chennai,Sea,900,Rain,Medium,2,4,2,1
SHP0350,Beta Suppliers,Kochi,Bangalore,Road,2145,Clear,Medium,4,6,2,1
SHP0351,Prime Logistics,Mumbai,Kochi,Road,458,Storm,High,1,7,6,1
SHP0352,Omega Supplies,Coimbatore,Chennai,Road,616,Rain,Low,1,4,3,1
SHP0353,Beta Suppliers,Delhi,Bangalore,Road,1691,Clear,Medium,3,6,3,1
SHP0354,Omega Supplies,Bangalore,Coimbatore,Rail,290,Fog,High,1,6,5,1
SHP0355,Prime Logistics,Bangalore,Pune,Air,168,Storm,High,1,6,5,1
SHP0356,Beta Suppliers,Pune,Kochi,Road,309,Clear,Low,1,2,1,1
SHP0357,Zeta Manufacturing,Coimbatore,Pune,Rail,2023,Clear,Medium,5,5,0,0
SHP0358,Alpha Logistics,Bangalore,Kochi,Sea,727,Clear,Medium,2,4,2,1
SHP0359,Delta Traders,Pune,Hyderabad,Road,1930,Clear,Medium,7,8,1,1
SHP0360,Beta Suppliers,Kochi,Chennai,Road,1702,Clear,Medium,6,7,1,1
SHP0361,Delta Traders,Kochi,Delhi,Air,272,Storm,High,1,8,7,1
SHP0362,Prime Logistics,Coimbatore,Hyderabad,Road,1448,Clear,Medium,3,5,2,1
SHP0363,Beta Suppliers,Chennai,Bangalore,Sea,625,Storm,Medium,1,5,4,1
SHP0364,Delta Traders,Coimbatore,Pune,Rail,1922,Storm,Low,5,7,2,1
SHP0365,Alpha Logistics,Coimbatore,Kochi,Sea,2463,Fog,Low,6,8,2,1
SHP0366,Omega Supplies,Kochi,Bangalore,Rail,575,Clear,Medium,1,3,2,1
SHP0367,Omega Supplies,Hyderabad,Mumbai,Sea,1454,Fog,Medium,5,8,3,1
SHP0368,Zeta Manufacturing,Hyderabad,Mumbai,Air,593,Fog,Medium,1,2,1,1
SHP0369,Zeta Manufacturing,Kochi,Pune,Air,1780,Storm,Medium,6,10,4,1
SHP0370,Alpha Logistics,Hyderabad,Mumbai,Rail,1223,Rain,Low,4,5,1,1
SHP0371,Alpha Logistics,Delhi,Kochi,Road,2351,Storm,Medium,5,10,5,1
SHP0372,Alpha Logistics,Pune,Delhi,Road,103,Rain,Low,1,3,2,1
SHP0373,Delta Traders,Hyderabad,Mumbai,Sea,776,Fog,Low,1,3,2,1
SHP0374,Omega Supplies,Chennai,Pune,Air,2329,Clear,Low,4,4,0,0
SHP0375,Alpha Logistics,Delhi,Kochi,Rail,213,Clear,Low,1,1,0,0
SHP0376,Prime Logistics,Delhi,Coimbatore,Air,2202,Clear,Low,8,8,0,0
SHP0377,Omega Supplies,Pune,Coimbatore,Air,956,Storm,Medium,2,6,4,1
SHP0378,Prime Logistics,Chennai,Coimbatore,Air,1875,Clear,Medium,3,3,0,0
SHP0379,Zeta Manufacturing,Pune,Coimbatore,Sea,1100,Rain,Low,2,6,4,1
SHP0380,Prime Logistics,Chennai,Mumbai,Rail,1362,Rain,High,4,7,3,1
SHP0381,Delta Traders,Hyderabad,Pune,Road,892,Rain,Medium,1,4,3,1
SHP0382,Alpha Logistics,Kochi,Delhi,Road,408,Clear,Low,1,2,1,1
SHP0383,Delta Traders,Mumbai,Pune,Sea,1897,Rain,Low,7,11,4,1
SHP0384,Alpha Logistics,Coimbatore,Chennai,Road,1515,Storm,Low,3,7,4,1
SHP0385,Epsilon Exports,Kochi,Pune,Sea,176,Clear,Medium,1,4,3,1
SHP0386,Gamma Industries,Mumbai,Delhi,Road,2317,Storm,Low,8,11,3,1
SHP0387,Beta Suppliers,Mumbai,Hyderabad,Air,917,Clear,Medium,2,2,0,0
SHP0388,Gamma Industries,Hyderabad,Mumbai,Rail,519,Clear,Medium,1,2,1,1
SHP0389,Beta Suppliers,Mumbai,Coimbatore,Air,452,Clear,Medium,1,2,1,1
SHP0390,Gamma Industries,Hyderabad,Coimbatore,Air,335,Storm,Low,1,4,3,1
SHP0391,Gamma Industries,Delhi,Pune,Rail,69,Clear,Medium,1,2,1,1
SHP0392,Zeta Manufacturing,Bangalore,Delhi,Sea,1945,Clear,Medium,5,5,0,0
SHP0393,Epsilon Exports,Bangalore,Hyderabad,Air,363,Rain,High,1,5,4,1
SHP0394,Delta Traders,Chennai,Mumbai,Sea,658,Clear,Low,1,3,2,1
SHP0395,Gamma Industries,Kochi,Coimbatore,Sea,1540,Rain,Medium,3,5,2,1
SHP0396,Gamma Industries,Bangalore,Kochi,Air,215,Clear,Medium,1,2,1,1
SHP0397,Delta Traders,Chennai,Hyderabad,Air,1639,Clear,Medium,6,6,0,0
SHP0398,Beta Suppliers,Mumbai,Bangalore,Sea,1600,Clear,Medium,3,5,2,1
SHP0399,Omega Supplies,Hyderabad,Pune,Air,1463,Clear,Medium,3,3,0,0
SHP0400,Prime Logistics,Bangalore,Hyderabad,Road,2157,Rain,Low,7,8,1,1
SHP0401,Delta Traders,Pune,Delhi,Road,2022,Rain,Medium,5,7,2,1
SHP0402,Alpha Logistics,Bangalore,Chennai,Rail,279,Clear,High,1,3,2,1
SHP0403,Epsilon Exports,Coimbatore,Hyderabad,Sea,1980,Storm,Low,4,10,6,1
SHP0404,Gamma Industries,Mumbai,Bangalore,Air,1907,Rain,Low,5,7,2,1
SHP0405,Beta Suppliers,Chennai,Hyderabad,Sea,662,Rain,Low,1,3,2,1
SHP0406,Beta Suppliers,Kochi,Bangalore,Road,1817,Rain,Low,6,9,3,1
SHP0407,Omega Supplies,Delhi,Coimbatore,Sea,598,Clear,Medium,1,3,2,1
SHP0408,Epsilon Exports,Hyderabad,Chennai,Road,2417,Rain,Medium,6,8,2,1
SHP0409,Beta Suppliers,Bangalore,Pune,Air,1120,Storm,Low,3,7,4,1
SHP0410,Delta Traders,Pune,Kochi,Rail,1566,Rain,Medium,4,6,2,1
SHP0411,Beta Suppliers,Hyderabad,Kochi,Rail,460,Clear,Low,1,1,0,0
SHP0412,Gamma Industries,Pune,Chennai,Road,645,Clear,Medium,2,2,0,0
SHP0413,Zeta Manufacturing,Coimbatore,Chennai,Sea,1691,Rain,Medium,3,6,3,1
SHP0414,Prime Logistics,Chennai,Hyderabad,Air,847,Clear,Medium,2,2,0,0
SHP0415,Alpha Logistics,Delhi,Hyderabad,Road,694,Clear,Low,1,2,1,1
SHP0416,Omega Supplies,Hyderabad,Chennai,Road,419,Rain,Medium,1,3,2,1
SHP0417,Delta Traders,Kochi,Pune,Road,1119,Clear,Medium,2,3,1,1
SHP0418,Zeta Manufacturing,Coimbatore,Mumbai,Air,1863,Fog,Medium,4,6,2,1
SHP0419,Prime Logistics,Chennai,Kochi,Road,1106,Clear,Medium,3,4,1,1
SHP0420,Zeta Manufacturing,Chennai,Mumbai,Rail,1226,Clear,Medium,2,3,1,1
SHP0421,Gamma Industries,Kochi,Delhi,Air,945,Storm,Low,1,4,3,1
SHP0422,Delta Traders,Hyderabad,Mumbai,Rail,988,Clear,Low,2,2,0,0
SHP0423,Gamma Industries,Coimbatore,Kochi,Road,2267,Fog,High,6,10,4,1
SHP0424,Prime Logistics,Bangalore,Mumbai,Sea,959,Rain,Low,2,5,3,1
SHP0425,Zeta Manufacturing,Pune,Bangalore,Sea,543,Rain,Medium,1,3,2,1
SHP0426,Omega Supplies,Coimbatore,Delhi,Air,1113,Clear,Low,3,4,1,1
SHP0427,Zeta Manufacturing,Delhi,Bangalore,Sea,1786,Clear,Medium,5,7,2,1
SHP0428,Prime Logistics,Bangalore,Hyderabad,Road,1155,Storm,Medium,2,6,4,1
SHP0429,Prime Logistics,Chennai,Bangalore,Sea,2096,Clear,High,5,10,5,1
SHP0430,Prime Logistics,Mumbai,Chennai,Sea,455,Rain,Low,1,3,2,1
SHP0431,Prime Logistics,Delhi,Mumbai,Air,1525,Rain,High,4,7,3,1
SHP0432,Beta Suppliers,Delhi,Hyderabad,Rail,1215,Clear,Medium,3,4,1,1
SHP0433,Omega Supplies,Mumbai,Kochi,Rail,736,Rain,High,2,5,3,1
SHP0434,Gamma Industries,Delhi,Hyderabad,Air,1347,Rain,Medium,3,7,4,1
SHP0435,Zeta Manufacturing,Kochi,Pune,Rail,803,Storm,Low,2,5,3,1
SHP0436,Delta Traders,Bangalore,Pune,Road,441,Clear,High,1,3,2,1
SHP0437,Beta Suppliers,Coimbatore,Mumbai,Rail,395,Rain,High,1,3,2,1
SHP0438,Prime Logistics,Bangalore,Chennai,Road,1511,Storm,Low,4,9,5,1
SHP0439,Prime Logistics,Bangalore,Kochi,Sea,2194,Rain,Medium,4,8,4,1
SHP0440,Beta Suppliers,Kochi,Mumbai,Air,1738,Clear,Low,6,6,0,0
SHP0441,Zeta Manufacturing,Mumbai,Kochi,Road,2064,Storm,Medium,8,14,6,1
SHP0442,Alpha Logistics,Delhi,Hyderabad,Sea,2346,Clear,Low,5,8,3,1
SHP0443,Omega Supplies,Hyderabad,Mumbai,Road,1779,Rain,Medium,3,6,3,1
SHP0444,Omega Supplies,Hyderabad,Coimbatore,Rail,609,Clear,Medium,1,2,1,1
SHP0445,Prime Logistics,Hyderabad,Delhi,Road,673,Clear,Medium,2,2,0,0
SHP0446,Gamma Industries,Kochi,Chennai,Rail,419,Clear,Medium,1,2,1,1
SHP0447,Prime Logistics,Delhi,Kochi,Road,1402,Clear,Medium,4,5,1,1
SHP0448,Beta Suppliers,Kochi,Bangalore,Rail,1074,Storm,High,3,8,5,1
SHP0449,Delta Traders,Chennai,Hyderabad,Sea,434,Rain,High,1,7,6,1
SHP0450,Gamma Industries,Chennai,Coimbatore,Air,2021,Rain,Low,4,4,0,0
SHP0451,Beta Suppliers,Hyderabad,Pune,Air,111,Clear,Low,1,2,1,1
SHP0452,Delta Traders,Chennai,Kochi,Rail,1571,Rain,Low,4,4,0,0
SHP0453,Alpha Logistics,Chennai,Delhi,Rail,2246,Rain,Low,7,8,1,1
SHP0454,Prime Logistics,Hyderabad,Chennai,Sea,1517,Rain,Low,5,10,5,1
SHP0455,Epsilon Exports,Kochi,Hyderabad,Rail,2276,Clear,Medium,7,7,0,0
SHP0456,Gamma Industries,Kochi,Mumbai,Air,2268,Clear,Low,5,6,1,1
SHP0457,Gamma Industries,Chennai,Delhi,Rail,1363,Rain,Medium,3,6,3,1
SHP0458,Gamma Industries,Mumbai,Delhi,Sea,1369,Clear,Medium,5,5,0,0
SHP0459,Alpha Logistics,Hyderabad,Coimbatore,Sea,834,Clear,Medium,1,5,4,1
SHP0460,Epsilon Exports,Chennai,Delhi,Rail,340,Clear,High,1,3,2,1
SHP0461,Prime Logistics,Chennai,Delhi,Sea,1561,Rain,Low,3,6,3,1
SHP0462,Beta Suppliers,Mumbai,Coimbatore,Rail,2177,Clear,Medium,5,6,1,1
SHP0463,Delta Traders,Hyderabad,Bangalore,Sea,482,Rain,Medium,1,4,3,1
SHP0464,Gamma Industries,Pune,Delhi,Rail,2236,Fog,Low,6,7,1,1
SHP0465,Zeta Manufacturing,Pune,Delhi,Rail,2356,Rain,Low,6,7,1,1
SHP0466,Prime Logistics,Kochi,Pune,Road,191,Fog,Medium,1,2,1,1
SHP0467,Delta Traders,Hyderabad,Delhi,Road,1180,Storm,Medium,2,5,3,1
SHP0468,Zeta Manufacturing,Bangalore,Mumbai,Air,2434,Clear,Low,7,7,0,0
SHP0469,Omega Supplies,Hyderabad,Coimbatore,Air,2026,Clear,High,4,7,3,1
SHP0470,Epsilon Exports,Chennai,Pune,Road,279,Storm,Low,1,5,4,1
SHP0471,Delta Traders,Chennai,Pune,Road,1298,Rain,Low,3,4,1,1
SHP0472,Gamma Industries,Chennai,Pune,Sea,2487,Rain,Low,6,8,2,1
SHP0473,Gamma Industries,Delhi,Coimbatore,Sea,2390,Rain,Medium,7,11,4,1
SHP0474,Gamma Industries,Bangalore,Kochi,Rail,2048,Clear,Medium,5,5,0,0
SHP0475,Beta Suppliers,Mumbai,Pune,Air,2409,Clear,Medium,6,7,1,1
SHP0476,Delta Traders,Delhi,Chennai,Air,743,Fog,Medium,1,3,2,1
SHP0477,Alpha Logistics,Hyderabad,Delhi,Rail,401,Clear,Low,1,1,0,0
SHP0478,Epsilon Exports,Chennai,Delhi,Road,1299,Clear,Low,4,5,1,1
SHP0479,Delta Traders,Mumbai,Kochi,Rail,125,Clear,High,1,2,1,1
SHP0480,Gamma Industries,Chennai,Mumbai,Rail,1161,Clear,Medium,4,5,1,1
SHP0481,Epsilon Exports,Delhi,Coimbatore,Road,1248,Storm,Medium,4,9,5,1
SHP0482,Beta Suppliers,Bangalore,Hyderabad,Sea,2346,Storm,Low,7,12,5,1
SHP0483,Omega Supplies,Bangalore,Chennai,Air,1491,Clear,Low,2,2,0,0
SHP0484,Alpha Logistics,Mumbai,Pune,Road,2323,Storm,Low,6,11,5,1
SHP0485,Beta Suppliers,Pune,Hyderabad,Sea,1034,Rain,Low,3,5,2,1
SHP0486,Delta Traders,Bangalore,Hyderabad,Rail,1315,Rain,High,2,5,3,1
SHP0487,Gamma Industries,Delhi,Coimbatore,Road,804,Clear,High,1,3,2,1
SHP0488,Omega Supplies,Mumbai,Kochi,Air,672,Rain,Low,2,2,0,0
SHP0489,Delta Traders,Hyderabad,Chennai,Air,375,Rain,Medium,1,4,3,1
SHP0490,Omega Supplies,Kochi,Bangalore,Rail,841,Clear,Low,1,1,0,0
SHP0491,Epsilon Exports,Pune,Hyderabad,Rail,887,Clear,High,2,6,4,1
SHP0492,Zeta Manufacturing,Kochi,Hyderabad,Sea,1708,Rain,Medium,3,7,4,1
SHP0493,Beta Suppliers,Kochi,Chennai,Rail,2174,Rain,High,8,13,5,1
SHP0494,Delta Traders,Mumbai,Kochi,Sea,1297,Rain,Low,4,7,3,1
SHP0495,Gamma Industries,Kochi,Coimbatore,Road,786,Rain,High,1,4,3,1
SHP0496,Prime Logistics,Chennai,Bangalore,Sea,2467,Storm,High,5,11,6,1
SHP0497,Gamma Industries,Coimbatore,Kochi,Air,399,Rain,Low,1,3,2,1
SHP0498,Omega Supplies,Chennai,Bangalore,Air,2366,Storm,High,8,11,3,1
SHP0499,Omega Supplies,Mumbai,Kochi,Air,790,Clear,Low,2,2,0,0
SHP0500,Epsilon Exports,Chennai,Kochi,Sea,2092,Rain,Low,4,6,2,1
